show_num,musica
1,Venus and Mars
1,Rock Show
1,Jet
1,All My Loving
1,Letting Go
1,Drive My Car
1,Highway
1,Let Me Roll It
1,The Long and Winding Road
1,Nineteen Hundred and Eighty-Five
1,Let 'Em In
1,My Love
1,I've Just Seen a Face
1,And I Love Her
1,Blackbird
1,Here Today
1,Dance Tonight
1,Mrs. Vandebilt
1,Eleanor Rigby
1,Ram On
1,Something
1,Sing the Changes
1,Band on the Run
1,"Ob-La-Di, Ob-La-Da"
1,Back in the U.S.S.R.
1,I've Got a Feeling
1,Paperback Writer
1,A Day in the Life
1,Let It Be
1,Live and Let Die
1,Hey Jude
1,Day Tripper
1,Lady Madonna
1,Get Back
1,Yesterday
1,Helter Skelter
1,Sgt. Pepper's Lonely Hearts Club Band (Reprise)
1,The End
2,"Hello, Goodbye"
2,Jet
2,All My Loving
2,Letting Go
2,Drive My Car
2,Sing the Changes
2,Let Me Roll It
2,The Long and Winding Road
2,Nineteen Hundred and Eighty-Five
2,Let 'Em In
2,I've Just Seen a Face
2,And I Love Her
2,Blackbird
2,Here Today
2,Dance Tonight
2,Mrs. Vandebilt
2,Eleanor Rigby
2,Something
2,Band on the Run
2,"Ob-La-Di, Ob-La-Da"
2,Back in the U.S.S.R.
2,I've Got a Feeling
2,Paperback Writer
2,A Day in the Life
2,Let It Be
2,Live and Let Die
2,Hey Jude
2,Day Tripper
2,Lady Madonna
2,Get Back
2,Yesterday
2,Helter Skelter
2,Sgt. Pepper's Lonely Hearts Club Band (Reprise)
2,The End
3,Magical Mystery Tour
3,Jet
3,All My Loving
3,Coming Up
3,Got to Get You Into My Life
3,Sing the Changes
3,Let Me Roll It
3,The Long and Winding Road
3,Nineteen Hundred and Eighty-Five
3,Let 'Em In
3,I'm Looking Through You
3,And I Love Her
3,Blackbird
3,Here Today
3,Dance Tonight
3,Mrs. Vandebilt
3,Eleanor Rigby
3,Something
3,Band on the Run
3,"Ob-La-Di, Ob-La-Da"
3,Back in the U.S.S.R.
3,I've Got a Feeling
3,Paperback Writer
3,A Day in the Life
3,Let It Be
3,Live and Let Die
3,Day Tripper
3,Lady Madonna
3,I Saw Her Standing There
3,Yesterday
3,Helter Skelter
3,Sgt. Pepper's Lonely Hearts Club Band (Reprise)
3,The End
4,Magical Mystery Tour
4,Junior's Farm
4,All My Loving
4,Jet
4,Got to Get You Into My Life
4,Sing the Changes
4,The Night Before
4,Let Me Roll It
4,Paperback Writer
4,The Long and Winding Road
4,Nineteen Hundred and Eighty-Five
4,My Valentine
4,Maybe I'm Amazed
4,Things We Said Today
4,And I Love Her
4,Blackbird
4,Here Today
4,Dance Tonight
4,Mrs. Vandebilt
4,Eleanor Rigby
4,Something
4,Yellow Submarine
4,Band on the Run
4,"Ob-La-Di, Ob-La-Da"
4,Back in the U.S.S.R.
4,I've Got a Feeling
4,A Day in the Life
4,Let It Be
4,Live and Let Die
4,Hey Jude
4,Lady Madonna
4,Day Tripper
4,Get Back
4,Yesterday
4,Helter Skelter
4,Golden Slumbers
4,Carry That Weight
4,The End
5,Eight Days a Week
5,Save Us
5,All My Loving
5,Listen to What the Man Said
5,Let Me Roll It
5,Paperback Writer
5,My Valentine
5,Nineteen Hundred and Eighty-Five
5,The Long and Winding Road
5,Maybe I'm Amazed
5,I've Just Seen a Face
5,We Can Work It Out
5,Another Day
5,And I Love Her
5,Blackbird
5,Here Today
5,New
5,Queenie Eye
5,Lady Madonna
5,All Together Now
5,Lovely Rita
5,Everybody Out There
5,Eleanor Rigby
5,One After 909
5,Being for the Benefit of Mr. Kite!
5,Something
5,"Ob-La-Di, Ob-La-Da"
5,Band on the Run
5,Back in the U.S.S.R.
5,Let It Be
5,Live and Let Die
5,Hey Jude
5,Day Tripper
5,"Hi, Hi, Hi"
5,Get Back
5,Yesterday
5,Helter Skelter
5,Golden Slumbers
5,Carry That Weight
5,The End
6,A Hard Day's Night
6,Junior's Farm
6,Can't Buy Me Love
6,Jet
6,Got to Get You Into My Life
6,Let Me Roll It
6,I've Got a Feeling
6,My Valentine
6,Nineteen Hundred and Eighty-Five
6,Maybe I'm Amazed
6,We Can Work It Out
6,In Spite of All the Danger
6,You Won't See Me
6,Love Me Do
6,And I Love Her
6,Blackbird
6,Here Today
6,Queenie Eye
6,New
6,Lady Madonna
6,FourFiveSeconds
6,Eleanor Rigby
6,I Wanna Be Your Man
6,Being for the Benefit of Mr. Kite!
6,Something
6,A Day in the Life
6,"Ob-La-Di, Ob-La-Da"
6,Band on the Run
6,Back in the U.S.S.R.
6,Let It Be
6,Live and Let Die
6,Hey Jude
6,Yesterday
6,Sgt. Pepper's Lonely Hearts Club Band (Reprise)
6,Helter Skelter
6,Birthday
6,Golden Slumbers
6,Carry That Weight
6,The End
7,Can't Buy Me Love
7,Junior's Farm
7,Letting Go
7,She's a Woman
7,Got to Get You Into My Life
7,Come On to Me
7,Let Me Roll It
7,Getting Better
7,Let 'Em In
7,My Valentine
7,Nineteen Hundred and Eighty-Five
7,Maybe I'm Amazed
7,I've Just Seen a Face
7,In Spite of All the Danger
7,Love Me Do
7,Dance Tonight
7,Blackbird
7,Here Today
7,New
7,Lady Madonna
7,Jet
7,Being for the Benefit of Mr. Kite!
7,Something
7,"Ob-La-Di, Ob-La-Da"
7,Band on the Run
7,Get Back
7,Let It Be
7,Live and Let Die
7,Hey Jude
7,I've Got a Feeling
7,I Saw Her Standing There
7,Sgt. Pepper's Lonely Hearts Club Band (Reprise)
7,Helter Skelter
7,Golden Slumbers
7,Carry That Weight
7,The End
8,Coming Up (04 Summer Tour Remix)
8,A Day in the Life
8,Can't Buy Me Love
8,Junior's Farm
8,Letting Go
8,She's a Woman
8,Got to Get You Into My Life
8,Come On to Me
8,Let Me Roll It
8,Getting Better
8,Let 'Em In
8,My Valentine
8,Nineteen Hundred and Eighty-Five
8,Maybe I'm Amazed
8,I've Just Seen a Face
8,In Spite of All the Danger
8,Love Me Do
8,Dance Tonight
8,Blackbird
8,Here Today
8,New
8,Lady Madonna
8,Fuh You
8,You Never Give Me Your Money
8,She Came in Through the Bathroom Window
8,Jet
8,Being for the Benefit of Mr. Kite!
8,Something
8,"Ob-La-Di, Ob-La-Da"
8,Band on the Run
8,Get Back
8,Let It Be
8,Live and Let Die
8,Hey Jude
8,I've Got a Feeling
8,Birthday
8,Sgt. Pepper's Lonely Hearts Club Band (Reprise)
8,Helter Skelter
8,Golden Slumbers
8,Carry That Weight
8,The End
8,No More Lonely Nights
8,My Love
9,Coming Up (04 Summer Tour Remix)
9,A Day in the Life
9,A Hard Day's Night
9,Junior's Farm
9,Letting Go
9,Drive My Car
9,Got to Get You Into My Life
9,Come On to Me
9,Let Me Roll It
9,Getting Better
9,Let 'Em In
9,My Valentine
9,Nineteen Hundred and Eighty-Five
9,Maybe I'm Amazed
9,I've Just Seen a Face
9,In Spite of All the Danger
9,Love Me Do
9,Dance Tonight
9,Blackbird
9,Here Today
9,Now and Then
9,New
9,Lady Madonna
9,Jet
9,Being for the Benefit of Mr. Kite!
9,Something
9,"Ob-La-Di, Ob-La-Da"
9,Band on the Run
9,Get Back
9,Let It Be
9,Live and Let Die
9,Hey Jude
9,I've Got a Feeling
9,Birthday
9,Sgt. Pepper's Lonely Hearts Club Band (Reprise)
9,Helter Skelter
9,Golden Slumbers
9,Carry That Weight
9,The End
9,No More Lonely Nights
10,Coming Up (04 Summer Tour Remix)
10,A Day in the Life
10,Can't Buy Me Love
10,Junior's Farm
10,Letting Go
10,All My Loving
10,Got to Get You Into My Life
10,Come On to Me
10,Let Me Roll It
10,Getting Better
10,Let 'Em In
10,My Valentine
10,Nineteen Hundred and Eighty-Five
10,Maybe I'm Amazed
10,I've Just Seen a Face
10,In Spite of All the Danger
10,Love Me Do
10,Dance Tonight
10,Blackbird
10,Here Today
10,Now and Then
10,New
10,Lady Madonna
10,Jet
10,Being for the Benefit of Mr. Kite!
10,Something
10,"Ob-La-Di, Ob-La-Da"
10,Band on the Run
10,Get Back
10,Let It Be
10,Live and Let Die
10,Hey Jude
10,I've Got a Feeling
10,Day Tripper
10,Sgt. Pepper's Lonely Hearts Club Band (Reprise)
10,Helter Skelter
10,Golden Slumbers
10,Carry That Weight
10,The End
10,No More Lonely Nights
11,Can't Buy Me Love
11,Junior's Farm
11,Letting Go
11,Drive My Car
11,Got to Get You Into My Life
11,Come On to Me
11,Let Me Roll It
11,Getting Better
11,Let 'Em In
11,My Valentine
11,Nineteen Hundred and Eighty-Five
11,Maybe I'm Amazed
11,I've Just Seen a Face
11,In Spite of All the Danger
11,Love Me Do
11,Dance Tonight
11,Blackbird
11,Here Today
11,Now and Then
11,New
11,Lady Madonna
11,Jet
11,Being for the Benefit of Mr. Kite!
11,Something
11,"Ob-La-Di, Ob-La-Da"
11,Band on the Run
11,Get Back
11,Let It Be
11,Live and Let Die
11,Hey Jude
11,I've Got a Feeling
11,Birthday
11,Sgt. Pepper's Lonely Hearts Club Band (Reprise)
11,Helter Skelter
11,Golden Slumbers
11,Carry That Weight
11,The End
12,A Hard Day's Night
12,Junior's Farm
12,All My Loving
12,Letting Go
12,Who Cares
12,Got to Get You Into My Life
12,Come On to Me
12,Let Me Roll It
12,I've Got a Feeling
12,Let 'Em In
12,My Valentine
12,Nineteen Hundred and Eighty-Five
12,Maybe I'm Amazed
12,I've Just Seen a Face
12,In Spite of All the Danger
12,From Me to You
12,Dance Tonight
12,Happy Birthday to You
12,Love Me Do
12,Blackbird
12,Here Today
12,Queenie Eye
12,Lady Madonna
12,Eleanor Rigby
12,Fuh You
12,Being for the Benefit of Mr. Kite!
12,Something
12,"Ob-La-Di, Ob-La-Da"
12,Band on the Run
12,Back in the U.S.S.R.
12,Let It Be
12,Birthday
12,Sgt. Pepper's Lonely Hearts Club Band (Reprise)
12,Helter Skelter
12,Golden Slumbers
12,Carry That Weight
12,The End
12,Live and Let Die
12,Hey Jude
13,Coming Up (04 Summer Tour Remix)
13,Can't Buy Me Love
13,Junior's Farm
13,Letting Go
13,She's a Woman
13,Got to Get You Into My Life
13,Come On to Me
13,Let Me Roll It
13,Getting Better
13,Let 'Em In
13,My Valentine
13,Nineteen Hundred and Eighty-Five
13,Maybe I'm Amazed
13,I've Just Seen a Face
13,In Spite of All the Danger
13,Love Me Do
13,Dance Tonight
13,Blackbird
13,Here Today
13,New
13,Lady Madonna
13,Fuh You
13,You Never Give Me Your Money
13,She Came in Through the Bathroom Window
13,Jet
13,Being for the Benefit of Mr. Kite!
13,Something
13,"Ob-La-Di, Ob-La-Da"
13,Band on the Run
13,Get Back
13,Let It Be
13,Live and Let Die
13,Hey Jude
13,I've Got a Feeling
13,Birthday
13,Sgt. Pepper's Lonely Hearts Club Band (Reprise)
13,Helter Skelter
13,Golden Slumbers
13,Carry That Weight
13,The End
13,No More Lonely Nights
