musica,first,last,n_eras,censored,span,grupo,duration,event
A Day in the Life,7,12,4,True,6,Beatles,6,0
A Hard Day's Night,10,12,3,True,3,Beatles,3,0
Ain't No Sunshine,3,3,1,False,1,Wings/solo,1,1
All My Loving,3,12,7,True,10,Wings/solo,10,0
All Together Now,9,9,1,False,1,Beatles,1,1
And I Love Her,8,10,3,False,3,Beatles,3,1
Another Day,3,9,2,False,7,Wings/solo,7,1
Back in the U.S.S.R.,2,11,10,False,10,Beatles,10,1
Band on the Run,1,12,12,True,12,Wings/solo,12,0
Being for the Benefit of Mr. Kite!,9,12,4,True,4,Beatles,4,0
Beware My Love,1,1,1,False,1,Wings/solo,1,1
Biker Like an Icon,3,3,1,False,1,Wings/solo,1,1
Birthday,5,12,4,True,8,Beatles,8,0
Blackbird,1,12,10,True,12,Beatles,12,0
Bluebird,1,1,1,False,1,Wings/solo,1,1
C Moon,4,4,1,False,1,Wings/solo,1,1
C'mon People,3,3,1,False,1,Wings/solo,1,1
Calico Skies,5,7,2,False,3,Wings/solo,3,1
Call Me Back Again,1,1,1,False,1,Wings/solo,1,1
Can't Buy Me Love,2,12,6,True,11,Beatles,11,0
Carry That Weight,2,12,5,True,11,Beatles,11,0
Come On to Me,11,12,2,True,2,Wings/solo,2,0
Coming Up,2,5,4,False,4,Wings/solo,4,1
Coming Up (04 Summer Tour Remix),12,12,1,True,1,Wings/solo,1,0
Dance Tonight,7,12,4,True,6,Wings/solo,6,0
Day Tripper,7,12,4,True,6,Beatles,6,0
Drive My Car,3,12,5,True,10,Beatles,10,0
Driving Rain,4,5,2,False,2,Wings/solo,2,1
Ebony and Ivory,2,2,1,False,1,Wings/solo,1,1
Eight Days a Week,9,9,1,False,1,Beatles,1,1
Eleanor Rigby,2,11,9,False,10,Beatles,10,1
English Tea,6,6,1,False,1,Wings/solo,1,1
Every Night,4,5,2,False,2,Wings/solo,2,1
Everybody Out There,9,9,1,False,1,Wings/solo,1,1
Figure of Eight,2,2,1,False,1,Wings/solo,1,1
Fine Line,6,6,1,False,1,Wings/solo,1,1
Fixing a Hole,6,6,1,False,1,Beatles,1,1
Flaming Pie,6,7,2,False,2,Wings/solo,2,1
Follow Me,6,6,1,False,1,Wings/solo,1,1
For No One,6,6,1,False,1,Beatles,1,1
FourFiveSeconds,10,10,1,False,1,Wings/solo,1,1
Freedom,4,4,1,False,1,Wings/solo,1,1
From Me to You,11,11,1,False,1,Beatles,1,1
Fuh You,11,12,2,True,2,Wings/solo,2,0
Get Back,2,12,6,True,11,Beatles,11,0
Getting Better,4,12,3,True,9,Beatles,9,0
Golden Slumbers,2,12,5,True,11,Beatles,11,0
Good Day Sunshine,2,6,2,False,5,Beatles,5,1
Good Rocking Tonight,3,3,1,False,1,Wings/solo,1,1
Got to Get You Into My Life,2,12,6,True,11,Beatles,11,0
Happy Birthday to You,11,11,1,False,1,Wings/solo,1,1
"Hello, Goodbye",4,5,2,False,2,Beatles,2,1
Helter Skelter,6,12,7,True,7,Beatles,7,0
Here Today,4,12,8,True,9,Wings/solo,9,0
"Here, There and Everywhere",3,5,3,False,3,Beatles,3,1
Hey Jude,3,12,9,True,10,Beatles,10,0
"Hi, Hi, Hi",1,9,2,False,9,Wings/solo,9,1
Highway,7,8,2,False,2,Wings/solo,2,1
Hope of Deliverance,3,3,1,False,1,Wings/solo,1,1
I Lost My Little Girl,3,3,1,False,1,Wings/solo,1,1
I Saw Her Standing There,2,12,6,True,11,Beatles,11,0
I Wanna Be Your Man,10,10,1,False,1,Beatles,1,1
I Will,6,6,1,False,1,Beatles,1,1
I'll Follow the Sun,6,6,1,False,1,Beatles,1,1
I'll Get You,6,6,1,False,1,Wings/solo,1,1
I'm Down,7,7,1,False,1,Beatles,1,1
I've Got a Feeling,6,12,6,True,7,Beatles,7,0
I've Just Seen a Face,1,12,5,True,12,Beatles,12,0
In Spite of All the Danger,6,12,4,True,7,Beatles,7,0
Jenny Wren,6,6,1,False,1,Wings/solo,1,1
Jet,1,12,10,True,12,Wings/solo,12,0
Junior's Farm,10,12,3,True,3,Wings/solo,3,0
Lady Madonna,1,12,10,True,12,Beatles,12,0
Let 'Em In,1,12,5,True,12,Wings/solo,12,0
Let It Be,2,12,11,True,11,Beatles,11,0
Let Me Roll It,1,12,11,True,12,Wings/solo,12,0
Letting Go,1,12,4,True,12,Wings/solo,12,0
Listen to What the Man Said,1,9,2,False,9,Wings/solo,9,1
Live and Let Die,1,12,11,True,12,Wings/solo,12,0
Lonely Road,4,5,2,False,2,Wings/solo,2,1
Looking for Changes,3,3,1,False,1,Wings/solo,1,1
Love Me Do,10,12,3,True,3,Beatles,3,0
Lovely Rita,9,9,1,False,1,Beatles,1,1
Magical Mystery Tour,3,6,2,False,4,Beatles,4,1
Magneto and Titanium Man,1,1,1,False,1,Wings/solo,1,1
Maybe I'm Amazed,1,12,9,True,12,Wings/solo,12,0
Medicine Jar,1,1,1,False,1,Wings/solo,1,1
Michelle,3,5,2,False,3,Beatles,3,1
Mother Nature's Son,4,4,1,False,1,Beatles,1,1
Mrs. Vandebilt,7,8,2,False,2,Wings/solo,2,1
My Brave Face,2,2,1,False,1,Wings/solo,1,1
My Love,1,12,7,True,12,Wings/solo,12,0
My Valentine,9,12,4,True,4,Wings/solo,4,0
New,9,12,3,True,4,Wings/solo,4,0
Nineteen Hundred and Eighty-Five,8,12,5,True,5,Wings/solo,5,0
No More Lonely Nights,12,12,1,True,1,Wings/solo,1,0
Now and Then,12,12,1,True,1,Beatles,1,0
"Ob-La-Di, Ob-La-Da",8,12,5,True,5,Beatles,5,0
Off the Ground,3,3,1,False,1,Wings/solo,1,1
One After 909,9,9,1,False,1,Beatles,1,1
Only Mama Knows,7,7,1,False,1,Wings/solo,1,1
Paperback Writer,3,9,4,False,7,Beatles,7,1
Peace in the Neighbourhood,3,3,1,False,1,Wings/solo,1,1
Penny Lane,3,6,2,False,4,Beatles,4,1
Picasso's Last Words (Drink to Me),1,1,1,False,1,Wings/solo,1,1
Please Please Me,6,6,1,False,1,Beatles,1,1
Put It There,2,2,1,False,1,Wings/solo,1,1
Queenie Eye,9,11,3,False,3,Wings/solo,3,1
Ram On,8,8,1,False,1,Wings/solo,1,1
Richard Cory,1,1,1,False,1,Wings/solo,1,1
Robbie's Bit (Thanks Chet),3,3,1,False,1,Wings/solo,1,1
Rock Show,1,8,2,False,8,Wings/solo,8,1
Rough Ride,2,2,1,False,1,Wings/solo,1,1
Save Us,9,9,1,False,1,Wings/solo,1,1
Sgt. Pepper's Lonely Hearts Club Band,2,3,2,False,2,Beatles,2,1
Sgt. Pepper's Lonely Hearts Club Band (Reprise),4,12,8,True,9,Beatles,9,0
She Came in Through the Bathroom Window,6,12,2,True,7,Beatles,7,0
She's Leaving Home,5,5,1,False,1,Beatles,1,1
She's a Woman,12,12,1,True,1,Beatles,1,0
Silly Love Songs,1,1,1,False,1,Wings/solo,1,1
Sing the Changes,7,8,2,False,2,Wings/solo,2,1
Soily,1,1,1,False,1,Wings/solo,1,1
Something,4,12,8,True,9,Beatles,9,0
Spirits of Ancient Egypt,1,1,1,False,1,Wings/solo,1,1
The End,2,12,10,True,11,Beatles,11,0
The Fool on the Hill,2,5,3,False,4,Beatles,4,1
The Long and Winding Road,1,9,8,False,9,Beatles,9,1
Things We Said Today,2,2,1,False,1,Beatles,1,1
This One,2,2,1,False,1,Wings/solo,1,1
Till There Was You,6,6,1,False,1,Beatles,1,1
Time to Hide,1,1,1,False,1,Wings/solo,1,1
Too Many People,6,6,1,False,1,Wings/solo,1,1
Twenty Flight Rock,2,2,1,False,1,Wings/solo,1,1
Vanilla Sky,4,4,1,False,1,Wings/solo,1,1
Venus and Mars,1,8,2,False,8,Wings/solo,8,1
We Can Work It Out,3,10,5,False,8,Beatles,8,1
We Got Married,2,2,1,False,1,Wings/solo,1,1
Who Cares,11,11,1,False,1,Wings/solo,1,1
Yesterday,1,10,10,False,10,Beatles,10,1
You Gave Me the Answer,1,1,1,False,1,Wings/solo,1,1
You Never Give Me Your Money,4,12,3,True,9,Beatles,9,0
You Won't See Me,10,10,1,False,1,Beatles,1,1
Your Loving Flame,4,5,2,False,2,Wings/solo,2,1
